good,659
Gaston,2
so,2118
all,2922
industry.,10
value,150
amicable,1
1884);,4
"Poitou,",1
Calais.,1
collected,51
Paradise_,1
_Pasquil's,3
Love:,1
astonishment,7
older,58
"this,",108
determining,12
"Lauds,",3
prayers,9
"president),",1
506).,1
Paulus;,1
preservative,4
value;,2
manipulation.,1
contents,28
removing,9
(invertase),1
"Back_,",1
carrying,74
working,80
hopping_),1
_Finings_,1
"mash.\"",1
"brewer,",2
fungus,2
transformation,10
blue,157
"mineralogy,",3
"Brewster,_",1
this;,4
"(Cesanne,",1
associating,2
populated,4
Olympian,4
neglect,7
acts.,1
L40,2
"broc_,",1
reduplication,1
corner,107
210,5
bleaching,4
re-combinations,1
pins,15
"must,",14
114.34,1
"bond\"",2
draining,4
Tall,1
roller.,2
"\"bride-bell,\"",1
declaration.,5
chicane.,2
"\"stresses\"",1
"syllables,",1
drama;,1
stiffen,4
ratio,17
3/16,2
bearing-plate,1
exceptional,23
Wilkinson,1
315,3
Rolling,1
Soft,11
53.80,1
w_2'/w_2,1
indefinitely,7
function.,3
"47),",1
"Peter,",5
extinct.,7
prepares,8
Cheshire,2
defenders.,1
"community,\"",1
1797,6
Greeks.,4
blood,117
Lupo,3
(1891);,8
(1894);,2
open-air,1
Laws,9
"Stockport,",1
startled,10
Compensation,1
fatal,14
"brasses,",1
"Agni,",1
"amounts,",2
surmounted,6
"flats,",1
"artillery,",3
"1788,",2
"Cloyne,",1
apprehension,5
"Francis,",7
"_Diary_,",1
1614,3
"March,",6
(Bristol,2
duplicates,2
Springs,1
"Legions,",1
"Monmouthshire,",1
_lilia_,1
"Birrens,",2
"(Uxellod[=u]num),",1
_Social,3
p.0586],1
1903).,2
Report_,1
destruction,21
mancus,3
Loangwa),1
"Hat,",2
upland,3
"Elgeyo,",1
British.,2
scientifically,2
"954,000",1
Incorporated,3
Annexed,1
conference.,2
1847).,1
Brittany;,1
nephew,7
successively,19
"private,",2
devote,11
l'on,1
"Launay,",1
solved,12
"broker,",6
"note\";",1
(From,8
shoots.,4
Stas,1
"symptom,",1
"ailment,",1
"fog,",3
Cuvier,2
nursery,4
Lucy,6
"Bell,\"",1
_aluminium,1
malleable,1
group.,7
_schiller-spar_.,1
friend's,18
himself:,5
"Donegal,",1
Hepaticae_.],2
bicuspidata_.,1
comparable,13
Hofmeister.)],1
paraphyses,1
"Bryales,",1
15.--_Funaria,1
_Realencyclopaedie_;,1
starvation,1
revenged,7
America._,2
"secunda,",1
acoustic,4
1491,1
1542,2
novels.,1
Veneris_,1
gymnasium.,1
socialism.,1
(1866-,1
vanity.,2
virtues,18
complaints,5
Thornborowe,1
"1625),",1
p.0674],1
barrows,1
darkish,1
stalks,6
faded,14
ante-room;,1
"yourself,",16
salvation,10
small;,5
Effort.,1
love.,23
"capacities,",4
extant--has,1
sociology.,1
himself),2
(apart,1
export;,1
Phelps-Gorham,1
"proboscis,",1
"revolution,",1
"(Wolfenbuettel,",1
"1495,",2
sink,22
"\"terminating,\"--consisting",1
10.09%,1
3948),1
Unchanagar,1
"1018,",1
Dineir,1
formative,4
1874).,1
"(www.gutenberg.org),",3
Algy,1
knelt,15
faintly,9
frogwise,1
"reluctant,",1
pocket:,2
How?,7
tetrameter,1
--Bathing,1
Sara's.,1
facebones,1
BOYS,11
Dlugacz's.,1
shuffle,1
Molly,40
dung.,3
limewash,1
brutes,7
Ruins,1
anemone,1
Test:,1
Dodder,2
"coward,",1
croups.,1
"Monday,",6
MORTUIS,1
Stop!,6
"--There,",2
METROPOLIS,1
balloon.,3
savingsbank,1
biscuitfully,1
ceiling.,7
GALLAHER,1
"journalism,",2
thankibus.,1
FEW,4
GULL,2
Goodwin,4
plate's,1
MACTRIGGER.,2
"Killiney,",1
zest.,2
Connellan's,1
drooping.,1
Hates,1
occultly.,1
Portals,1
catholics,1
occupants,3
"halt,",2
instants,2
livers,3
--HER,1
versus,6
"some,",6
combustion.,3
"milliner,",1
glare.,2
"glycerine,",1
jinglejaunty,1
Winsomely,1
clanged.,1
hear:,2
overstrung.,1
apparition,5
SHERIFF,1
Keogh-Bennett,1
Ole,1
swearing,3
cur,3
Carmen?,1
"Kinsale,",1
insult,7
Brendan,1
OMNES,4
muster,3
giant's,2
raiment,1
unmentionables,1
TABLEAU!,2
deceiver,1
glue.,3
blotch,2
shepherd's,2
thundered:,1
punt,2
motions,27
communed,1
pertinently,1
caloric.,1
SCROFULOUS,1
"Anyway,",1
REACHES,2
Haltyaltyaltyall.,1
"SLEEVE,",2
BRISTLES,2
WEAKER.),1
furthest,6
"pigs,",3
gorgeous,5
Garbutt's,2
restrictions.,2
_Revue,1
Hydrobromic,4
unite,6
boldly,9
"pusun,",1
murdering,3
5006,1
"individuals,",4
Gotama_,1
unity.,3
Equanimity,1
paragraph,40
"even,",11
"marshy,",1
"[Illustration],",4
stanchions,1
tune,6
doorway:,2
fury,23
"TIENS,",3
AC,2
loudly.,4
CORPUS:,1
Heatwave.,1
dicky,2
Paltry,1
funeral:,1
PATTED,1
shortsighted,4
moon:,1
turtledove,1
breach.,1
"uncertainly,",2
--Eternal,1
smack.,1
twined,4
"soared,",1
M'Gillicuddy's,1
--NA,1
animal's,6
backside,3
"Ovoca,",1
votary,1
PARCEQUE,1
CISSY,18
DISC,6
GAP,1
toque,1
words!,2
ERRING,1
"emphatically,",1
innately,1
frostbound,1
(SEVERAL,2
HEADS,7
WHISPERS),2
(LOUDLY),4
GARLIC.,1
DISCLOSE,1
CONFERS,1
LADIES.,1
DISTANCE,8
MECUM,1
Compulsory,1
unbridled,2
PLANTS.,3
SCIENCES.,1
BUZZ:,2
RICKETTS,3
VIENT!,1
buybull,1
STRUTS,1
Promiscuous,1
THOUGHTFULLY,1
GLUTTONOUSLY,1
globe.,7
(HALF,1
erectness.,1
SWEAT,1
offensively,1
"BREAK,",1
Mutton,1
COIN),1
Fragende,1
Travels,1
LENEHAN,2
(APPROACHING,1
DEAD.),1
brothel.,1
"DILLON,",1
LOT,1
fucking,5
SWOOPING,3
PROTECT,1
"stimulants,",1
Corley.,1
alongside,6
Dardanelles,1
"seaside,",1
tumble,2
pored,2
toys,1
Fahrenheit.,1
soured,1
"away),",2
"immutable,",1
inactive?,1
abscission,1
DEBIT,1
firebrasses,1
"gatepost,",1
Maior.,1
piston,1
"previous,",1
richlooking,1
arrah,1
"Missouri,",3
"CONTRACT,",4
#5000],1
SHADE.--Principles,1
indistinctness,6
(342).--Vitruvius',1
"merchandise,",1
gateway;,1
FUNCTION,1
"LIBRI,",3
"Vitruvius,",4
AXIOMS],1
"whiteness,",1
contours,1
_ochio_,1
240--250).,1
"flames,",3
portions.,4
XI.],2
in_,5
[femur].,1
torso.,1
[32],4
to],1
407.,1
Quest',2
510,2
"_\"les",1
"objects],",1
FINISHED.,1
ill-favoured,1
TEMPEST.,1
"sheet,",7
"shrubs,",1
waves;,6
Rocca,1
Strinati,1
Mortaro.,1
Niccolo,10
dice:,1
pacing,7
CAPTVS--EST--AB--EO.,1
cannon.,1
proportion.],1
vents,1
note-book.,1
milano,1
"FERSGUSON,",1
regiae,1
l874.--Le,1
Zeitschrift,1
notes:_,1
"undertaking.\"_",1
genre,1
away._,1
[throughout],1
degrees;,2
"superfluous,",1
starry,1
excluded.,1
"\"_Sole_\"",1
(page,2
star's,1
magis,2
Lombardy;,1
map.,2
inedito,2
vieterebbe,1
overflowing,2
Nova--Beatrice--Cumana--Compare,1
foreshorten,1
1056.,1
qu'ils,1
l'originalite,1
machine._,1
fabbricato,1
[16].,1
"cloths,",3
piacevole,1
fruits;,1
"Pythagoras,",1
"become,",1
945.].,1
Herod,2
(sic),6
had;,1
hane_,1
_Moodshireddin_,1
Torino,1
prophesy.,1
vergata,1
Sonnenglanz,1
Snows],1
"houses,--the",1
"Brennus,",1
1458,1
Venne,1
1490.,2
a--p.,1
"_\"Historia",1
Justino,1
"desidero_\",",1
Oroso,1
"VIII._,",1
Xenophon's,1
Sugar,2
quilts.,1
foret:,1
man--Body,1
photosphere.,3
Millions,1
"\"fire-mists,\"",1
DIAMETER,1
spectrum--should,1
evaporate,1
"down-breaking,",1
(_Natural,1
perceptual,4
Placentals--show,1
lethargic,1
Mesozoic,8
"jumps\"",1
whelk,4
easygoing,3
_integrative_;,1
Plankton.,1
invisibility,4
hibernating,1
close-packed,1
"(Cyclostomes),",1
Primate,5
"Mongols,",1
thinning,1
transformations,2
hibernation.,1
elbow-room,1
computation.,2
_miles,1
[i.e.,2
radium.,1
vibration;,1
deep-red,1
"DANIELL,",1
"fratello,",1
764.,1
HEIGHTS.,1
"Tospoi,",1
7)--The,1
"Volpe,--",1
"PEOPLE\"",2
yolk-forming,1
Insectivores,2
Bachelor,1
clean--that's,1
"ground-floor,",1
"Restaurant,",1
Sholto,1
"revolver,",2
"\"your",3
rely.,1
"Yard.\"",2
Kate--poor,1
scoundrel,2
"employers,",1
"carbuncle!\"",1
forever!,1
"evening,\"",1
BEECHES,1
be.',1
byte,1
provider.,1
tuae,1
Cried,1
sun-soaked,1
"Philistia,",1
"queer,",2
entertainments,1
"unfair,",1
cream-and-molasses,1
"gas-pipes,",1
"quite,",2
"HALO,",1
"desperate,",1
cream-puff,1
"INDISCRETION,",1
postures,1
"PIG,",1
peacock.,1
Oglum,1
unconverted,1
contumacious;,1
thirteenth,1
aping,1
"WHANGDEPOOTENAWAH,",1
susceptibility,1
Build,1
"manifestation,",1
meaning.),1
_Facilis,1
"concordance,",1
fighting;,2
She-chu,1
"favorable,",1
devises,1
"\"fodder",1
[Meng,3
"forethought,\"",1
"coward!\"",1
"horsemen.\"]",1
"mutiny,",2
"\"delay.\"]",1
"\"Pan",1
VIII;,1
proclamation.,1
[HOU,1
[Word,1
door-keepers,1
